country,city,location,count,firstUpdated,lastUpdated
BD,Dhaka,SPARTAN - Dhaka University,1365,2014-05-24T03:00:00.000Z,2015-09-20T23:00:00.000Z
BD,Dhaka,US Diplomatic Post: Dhaka,23934,2016-03-10T22:00:00.000Z,2019-04-11T21:00:00.000Z
ID,Bandung,SPARTAN - ITB Bandung,2877,2014-01-22T00:00:00.000Z,2015-09-13T01:00:00.000Z
ID,Jakarta,US Diplomatic Post: Jakarta Central,26163,2015-12-23T01:00:00.000Z,2019-04-11T21:00:00.000Z
ID,Jakarta,US Diplomatic Post: Jakarta South,26179,2015-12-22T01:00:00.000Z,2019-04-11T21:00:00.000Z
IN, Alwar,"Moti Doongri, Alwar - RSPCB",1304,2019-01-02T22:00:00.000Z,2019-02-14T04:45:00.000Z
IN,Agra,"Sanjay Palace, Agra - UPPCB",40032,2018-03-09T05:30:00.000Z,2019-02-14T05:15:00.000Z
IN,Agra,Sanjay Palace,87045,2016-03-22T00:20:00.000Z,2018-02-22T03:45:00.000Z
IN,Ahmedabad,"Maninagar, Ahmedabad - GPCB",36418,2018-03-09T05:30:00.000Z,2019-02-14T05:30:00.000Z
IN,Ahmedabad,Maninagar,46592,2016-06-28T05:12:00.000Z,2017-11-28T10:42:00.000Z
IN,Ahmedabad,"Maninagar, Ahmedabad - GSPCB",16011,2017-11-28T10:42:00.000Z,2018-02-22T04:02:00.000Z
IN,Ajmer,"Civil Lines, Ajmer- RSPCB",26081,2017-10-23T18:30:00.000Z,2018-02-16T13:00:00.000Z
IN,Ajmer,"Civil Lines, Ajmer - RSPCB",1015,2018-03-08T22:30:00.000Z,2018-04-09T06:30:00.000Z
IN,Ajmer,"Civil Lines,Ajmer - RSPCB",2875,2017-10-16T06:00:00.000Z,2017-10-24T07:00:00.000Z
IN,Ajmer,"Civil Lines,  Ajmer - RSPCB",25848,2018-04-16T03:15:00.000Z,2019-02-14T05:00:00.000Z
IN,Alwar,"Moti Doongri, Alwar- RSPCB",16067,2017-11-02T18:30:00.000Z,2018-02-21T11:30:00.000Z
IN,Alwar,"Moti Doongri, Alwar, Rajasthan - RSPCB",45698,2018-03-09T05:30:00.000Z,2018-12-28T01:30:00.000Z
IN,Amaravati,"Secretariat, Amaravati - APPCB",49780,2017-11-27T04:30:00.000Z,2019-02-14T05:30:00.000Z
IN,Ambala ,"Patti Mehar, Ambala - HSPCB",834,2019-02-12T01:45:00.000Z,2019-02-14T05:15:00.000Z
IN,Amritsar,"Golden Temple,Amritsar - PPCB",83940,2017-02-26T18:30:00.000Z,2018-02-22T03:00:00.000Z
IN,Amritsar,"Golden Temple, Amritsar - PPCB",36408,2018-03-09T05:30:00.000Z,2019-02-14T05:15:00.000Z
IN,Ankleshwar,"GIDC, Ankleshwar - GPCB",828,2019-02-12T02:00:00.000Z,2019-02-14T05:15:00.000Z
IN,Asanol,"Asanol Court Area, Asanol - WBPCB",8549,2018-03-09T05:30:00.000Z,2018-05-14T02:00:00.000Z
IN,Asansol,"Asansol Court Area, Asanol - WBPCB",1542,2018-08-10T06:00:00.000Z,2018-08-16T11:45:00.000Z
IN,Asansol,"Asansol Court Area, Asansol - WBPCB",34220,2018-01-18T18:30:00.000Z,2019-02-14T05:15:00.000Z
IN,Asansol,"Asansol Court Area, Asansol - WBSPCB",18,2018-01-19T11:15:00.000Z,2018-01-19T12:30:00.000Z
IN,Aurangabad,"More Chowk Waluj, Aurangabad - MPCB",23516,2018-03-09T05:30:00.000Z,2019-02-14T05:15:00.000Z
IN,Aurangabad,"More Chowk-Waluj, Aurangabad - MPCB",117789,2016-08-16T09:15:00.000Z,2018-02-22T02:00:00.000Z
IN,Baghpat,"New Collectorate, Baghpat - UPPCB",36494,2018-08-10T06:00:00.000Z,2019-02-14T05:30:00.000Z
IN,Bahadurgarh ,"Arya Nagar, Bahadurgarh - HSPCB",874,2019-02-12T01:45:00.000Z,2019-02-14T05:15:00.000Z
IN,Ballabgarh,"Nathu Colony, Ballabgarh - HSPCB",687,2019-02-12T01:45:00.000Z,2019-02-14T05:15:00.000Z
IN,Barddhaman,"Sidhu Kanhu Indoor Stadium, Durgapur - WBSPCB",78288,2016-09-20T08:45:00.000Z,2018-01-19T06:45:00.000Z
IN,Barddhaman,"Durgapur City Center, Barddhaman - WBSPCB",2461,2016-08-17T10:45:00.000Z,2016-09-16T08:15:00.000Z
IN,Barddhaman,"Sidhu Kanhu Indoor Stadium,Barddhaman - WBSPCB",6,2016-09-20T05:00:00.000Z,2016-09-20T08:45:00.000Z
IN,Bathinda ,"Hardev Nagar, Bathinda - PPCB",21049,2018-08-10T06:00:00.000Z,2019-02-14T05:00:00.000Z
IN,Bengaluru,"BTM Layout, Bengaluru - KSPCB",10335,2017-11-21T05:00:00.000Z,2018-02-22T03:00:00.000Z
IN,Bengaluru,Peenya,53564,2016-03-22T03:15:00.000Z,2017-11-24T03:45:00.000Z
IN,Bengaluru,SaneguravaHalli - KSPCB,61474,2016-03-21T18:30:00.000Z,2018-02-21T23:45:00.000Z
IN,Bengaluru,"Peenya, Bengaluru - KSPCB",6909,2017-11-24T03:45:00.000Z,2018-02-22T02:45:00.000Z
IN,Bengaluru,"Sanegurava Halli, Bengaluru - KSPCB",22215,2018-03-09T05:30:00.000Z,2019-02-14T05:30:00.000Z
IN,Bengaluru,"BWSSB Kadabesanahalli, Bengaluru - CPCB",29862,2018-03-09T05:30:00.000Z,2019-02-09T07:00:00.000Z
IN,Bengaluru,"City Railway Station, Bengaluru - KSPCB",24384,2018-03-09T03:30:00.000Z,2019-02-13T11:30:00.000Z
IN,Bengaluru,"BTM Layout, Bengaluru - CPCB",40165,2018-03-09T05:30:00.000Z,2019-02-14T05:30:00.000Z
IN,Bengaluru,BTM Layout,105330,2016-03-22T00:45:00.000Z,2017-11-21T05:00:00.000Z
IN,Bengaluru,BWSSB Kadabesanahalli,64808,2016-03-22T00:30:00.000Z,2017-11-28T10:45:00.000Z
IN,Bengaluru,"BWSSB Kadabesanahalli, Bengaluru - KSPCB",10152,2017-11-28T12:15:00.000Z,2018-02-22T03:00:00.000Z
IN,Bengaluru,"Silk Board, Bengaluru - KSPCB",30397,2018-08-10T06:00:00.000Z,2019-02-14T05:15:00.000Z
IN,Bengaluru,"Hombegowda Nagar, Bengaluru - KSPCB",31144,2018-08-10T06:00:00.000Z,2019-02-14T05:30:00.000Z
IN,Bengaluru,"Jayanagar 5th Block, Bengaluru - KSPCB",20758,2018-08-10T06:00:00.000Z,2019-02-12T21:30:00.000Z
IN,Bengaluru,"Bapuji Nagar, Bengaluru - KSPCB",28356,2018-08-10T06:00:00.000Z,2019-02-14T05:30:00.000Z
IN,Bengaluru,"Hebbal, Bengaluru - KSPCB",23585,2018-08-10T06:00:00.000Z,2019-02-13T20:45:00.000Z
IN,Bengaluru,"Peenya, Bengaluru - CPCB",33180,2018-03-09T05:30:00.000Z,2019-02-14T05:15:00.000Z
IN,Bengaluru,City Railway Station - KSPCB,75021,2016-03-21T13:45:00.000Z,2018-02-22T03:00:00.000Z
IN,Bhiwadi,"RIICO Industrial Area-III, Bhiwadi- RSPCB",23692,2017-10-13T09:00:00.000Z,2018-02-17T09:45:00.000Z
IN,Bhiwadi,"RIICO Ind. Area III, Bhiwadi - RSPCB",1218,2019-01-02T22:00:00.000Z,2019-02-14T05:00:00.000Z
IN,Bhiwadi,"RIICO Ind. Area III, Bhiwadi, Rajasthan - RSPCB",31982,2018-03-09T05:30:00.000Z,2018-12-28T01:15:00.000Z
IN,Bhiwani,"H.B. Colony, Bhiwani - HSPCB",875,2019-02-12T01:45:00.000Z,2019-02-14T05:15:00.000Z
IN,Brajrajnagar,"GM Office, Brajrajnagar - OSPCB",20773,2018-03-09T05:30:00.000Z,2019-02-14T05:15:00.000Z
IN,Bulandshahr,"Yamunapuram, Bulandshahr - UPPCB",30667,2018-08-10T06:00:00.000Z,2019-02-14T05:30:00.000Z
IN,Chandrapur,"Chandrapur, Chandrapur - MPCB",47087,2018-03-09T05:30:00.000Z,2019-02-14T05:15:00.000Z
IN,Chandrapur,"MIDC Khutala, Chandrapur - MPCB",44287,2018-03-09T05:30:00.000Z,2019-02-14T05:15:00.000Z
IN,Chandrapur,"MIDC Khutala,Chandrapur - MPCB",75594,2016-08-22T18:30:00.000Z,2018-02-22T03:15:00.000Z
IN,Chandrapur,Chandrapur,163825,2016-03-22T00:25:00.000Z,2018-02-22T04:00:00.000Z
IN,Chennai,"IIT, Chennai - CPCB",1100,2018-03-09T05:30:00.000Z,2018-04-16T06:15:00.000Z
IN,Chennai,Manali,94122,2016-03-21T10:00:00.000Z,2018-02-22T03:45:00.000Z
IN,Chennai,IIT,117898,2016-03-22T00:45:00.000Z,2018-02-22T03:45:00.000Z
IN,Chennai,"Alandur Bus Depot, Chennai - CPCB",24483,2018-03-09T05:30:00.000Z,2019-02-14T05:15:00.000Z
IN,Chennai,"Velachery Res. Area, Chennai - CPCB",29255,2018-04-16T07:15:00.000Z,2019-02-14T05:15:00.000Z
IN,Chennai,"Manali, Chennai - CPCB",32448,2018-03-09T05:30:00.000Z,2019-02-14T01:45:00.000Z
IN,Chennai,Alandur Bus Depot,72697,2016-03-22T00:45:00.000Z,2018-02-22T03:45:00.000Z
IN,Chennai,US Diplomatic Post: Chennai,26339,2015-12-11T21:30:00.000Z,2019-04-11T21:30:00.000Z
IN,Chikkaballapur,"Chikkaballapur Rural, Chikkaballapur - KSPCB",28168,2018-08-10T06:00:00.000Z,2019-02-14T05:30:00.000Z
IN,Chittoor,AP Tirumala,3172,2016-06-23T05:30:00.000Z,2016-07-04T06:15:00.000Z
IN,Damoh,"Shrivastav Colony, Damoh - MPPCB",529,2019-02-12T02:00:00.000Z,2019-02-14T05:30:00.000Z
IN,Delhi,Civil Lines,4,2015-07-10T08:15:00.000Z,2015-07-10T08:15:00.000Z
IN,Delhi,Anand Vihar,102326,2015-06-29T14:30:00.000Z,2017-11-28T10:15:00.000Z
IN,Delhi,IGI Airport,5,2015-07-10T06:30:00.000Z,2015-07-10T06:30:00.000Z
IN,Delhi,Punjabi Bagh,142434,2015-06-29T00:30:00.000Z,2017-11-27T08:15:00.000Z
IN,Delhi,Mandir Marg,105545,2015-06-29T14:30:00.000Z,2017-11-28T10:15:00.000Z
IN,Delhi,"R K Puram, Delhi - DPCC",12626,2017-11-28T10:30:00.000Z,2019-02-14T00:15:00.000Z
IN,Delhi,"Punjabi Bagh, Delhi - DPCC",38021,2017-11-27T09:00:00.000Z,2019-02-14T05:00:00.000Z
IN,Delhi,"Shadipur, Delhi - CPCB",25692,2017-11-28T10:30:00.000Z,2019-02-14T05:00:00.000Z
IN,Delhi,"Lodhi Road, Delhi - IMD",15082,2017-09-13T06:30:00.000Z,2019-02-14T05:30:00.000Z
IN,Delhi,"Ashok Vihar, Delhi - DPCC",5511,2018-03-20T03:30:00.000Z,2019-02-14T04:45:00.000Z
IN,Delhi,"Major Dhyan Chand National Stadium, Delhi - DPCC",12939,2018-03-20T03:30:00.000Z,2019-02-14T05:00:00.000Z
IN,Delhi,"Mandir Marg, New Delhi - DPCC",23788,2018-03-09T03:30:00.000Z,2018-12-14T17:30:00.000Z
IN,Delhi,"North Campus, DU, New Delhi - IMD",21353,2018-03-09T05:30:00.000Z,2018-12-15T16:30:00.000Z
IN,Delhi,"Delhi Technological University, Delhi - CPCB",7257,2017-11-27T18:30:00.000Z,2018-02-22T04:00:00.000Z
IN,Delhi,"North Campus, Delhi - IMD",12407,2017-09-12T06:45:00.000Z,2018-02-21T23:00:00.000Z
IN,Delhi,"IGI Airport Terminal-3, Delhi - IMD",13229,2017-09-12T04:30:00.000Z,2018-02-21T23:15:00.000Z
IN,Delhi,"IGI Airport Terminal - 3, New Delhi - IMD",3358,2018-03-09T05:30:00.000Z,2018-05-14T02:15:00.000Z
IN,Delhi,"CRRI Mathura Road, Delhi - IMD",13196,2017-09-12T04:30:00.000Z,2019-02-14T05:30:00.000Z
IN,Delhi,R K Puram,93705,2016-03-21T23:55:00.000Z,2017-11-28T10:15:00.000Z
IN,Delhi,"Mandir Marg, Delhi - DPCC",11730,2017-11-28T10:15:00.000Z,2019-02-14T05:00:00.000Z
IN,Delhi,"DTU, New Delhi - CPCB",38196,2018-03-09T05:30:00.000Z,2018-12-14T02:00:00.000Z
IN,Delhi,"Vivek Vihar, Delhi - DPCC",5510,2018-03-20T03:30:00.000Z,2019-02-14T04:45:00.000Z
IN,Delhi,"Aya Nagar, New Delhi - IMD",20470,2018-03-09T05:30:00.000Z,2018-11-19T14:45:00.000Z
IN,Delhi,"Burari Crossing, Delhi - IMD",15891,2017-09-12T06:45:00.000Z,2019-02-14T05:29:00.000Z
IN,Delhi,"Anand Vihar, Delhi - DPCC",33714,2017-11-27T18:35:00.000Z,2019-02-14T05:00:00.000Z
IN,Delhi,"Dwarka-Sector 8, Delhi - DPCC ",30266,2018-03-20T03:30:00.000Z,2019-02-14T05:00:00.000Z
IN,Delhi,"Lodhi Road, New Delhi - IMD",28579,2018-03-09T05:30:00.000Z,2018-12-15T22:15:00.000Z
IN,Delhi,"Okhla Phase-2, Delhi - DPCC",6001,2018-03-20T03:30:00.000Z,2019-02-14T04:15:00.000Z
IN,Delhi,"Pusa, New Delhi - IMD",22937,2018-03-09T05:30:00.000Z,2018-12-15T22:15:00.000Z
IN,Delhi,"Punjabi Bagh, New Delhi - DPCC",376,2018-03-09T03:30:00.000Z,2018-03-20T06:30:00.000Z
IN,Delhi,"Pusa, Delhi - IMD",14100,2017-09-12T06:45:00.000Z,2019-02-13T19:45:00.000Z
IN,Delhi,IHBAS,51981,2016-04-10T18:30:00.000Z,2017-11-28T10:15:00.000Z
IN,Delhi,"Sirifort, Delhi - CPCB",6825,2017-11-28T10:30:00.000Z,2019-02-14T05:00:00.000Z
IN,Delhi,"Aya Nagar, Delhi - IMD",13400,2017-09-25T11:30:00.000Z,2019-02-14T05:30:00.000Z
IN,Delhi,"Dr. Karni Singh Shooting Range, Delhi - DPCC",12331,2018-03-20T03:30:00.000Z,2019-02-14T05:00:00.000Z
IN,Delhi,"IHBAS, Dilshad Garden,New Delhi - CPCB",28972,2018-03-09T05:30:00.000Z,2018-12-15T22:00:00.000Z
IN,Delhi,"ITO, New Delhi - CPCB",26357,2018-03-09T05:30:00.000Z,2018-12-15T21:45:00.000Z
IN,Delhi,"NSIT Dwarka, New Delhi - CPCB",40922,2018-03-09T05:30:00.000Z,2018-12-15T22:00:00.000Z
IN,Delhi,"Patparganj, Delhi - DPCC",21050,2018-03-21T02:30:00.000Z,2019-02-14T05:00:00.000Z
IN,Delhi,"Wazirpur, Delhi - DPCC",5252,2018-03-20T03:30:00.000Z,2019-02-14T04:45:00.000Z
IN,Delhi,"Anand Vihar, New Delhi - DPCC",172,2018-03-09T03:30:00.000Z,2018-03-16T23:30:00.000Z
IN,Delhi,"Jawaharlal Nehru Stadium, Delhi - DPCC",16799,2018-03-21T02:30:00.000Z,2019-02-14T05:00:00.000Z
IN,Delhi,"R K Puram, New Delhi - DPCC",27554,2018-03-09T03:30:00.000Z,2018-12-14T17:30:00.000Z
IN,Delhi,NSIT Dwarka,139114,2016-03-22T00:30:00.000Z,2017-11-28T10:30:00.000Z
IN,Delhi,RK Puram,46889,2015-06-29T14:30:00.000Z,2016-03-22T00:10:00.000Z
IN,Delhi,"Jahangirpuri, Delhi - DPCC",12393,2018-03-20T03:30:00.000Z,2019-02-14T04:30:00.000Z
IN,Delhi,"Narela, Delhi - DPCC",31272,2018-03-20T03:30:00.000Z,2019-02-14T04:45:00.000Z
IN,Delhi,"CRRI Mathura Road, New Delhi - IMD",32722,2018-03-09T05:30:00.000Z,2018-12-14T02:15:00.000Z
IN,Delhi,"Burari Crossing, New Delhi - IMD",17931,2018-03-09T05:30:00.000Z,2018-12-14T02:00:00.000Z
IN,Delhi,"ITO, Delhi - CPCB",4240,2018-12-20T21:30:00.000Z,2019-02-14T05:00:00.000Z
IN,Delhi,Delhi Technological University,38663,2016-11-02T18:30:00.000Z,2017-11-28T10:00:00.000Z
IN,Delhi,"Shadipur, New Delhi - CPCB",41482,2018-03-09T05:30:00.000Z,2018-12-15T15:45:00.000Z
IN,Delhi,"Alipur, Delhi - DPCC",4940,2018-12-14T01:30:00.000Z,2019-02-14T04:45:00.000Z
IN,Delhi,Income Tax Office,76715,2016-01-23T03:15:00.000Z,2017-11-28T09:45:00.000Z
IN,Delhi,Pusa2 IMD,4,2017-11-07T07:45:00.000Z,2017-11-07T07:45:00.000Z
IN,Delhi,"Rohini, Delhi - DPCC",17318,2018-03-20T03:30:00.000Z,2019-02-14T04:45:00.000Z
IN,Delhi,"Sirifort, New Delhi - CPCB",23977,2018-03-09T05:30:00.000Z,2018-12-15T21:45:00.000Z
IN,Delhi,"IHBAS, Dilshad Garden, Delhi - CPCB",2999,2018-12-20T21:30:00.000Z,2019-02-14T05:15:00.000Z
IN,Delhi,"Najafgarh, Delhi - DPCC",5877,2018-03-20T03:30:00.000Z,2019-02-14T04:45:00.000Z
IN,Delhi,"Nehru Nagar, Delhi - DPCC",25399,2018-03-20T03:30:00.000Z,2019-02-14T05:00:00.000Z
IN,Delhi,"Sonia Vihar, Delhi - DPCC",17416,2018-03-20T03:30:00.000Z,2019-02-14T05:00:00.000Z
IN,Delhi,"NSIT Dwarka, Delhi - CPCB",21412,2017-11-28T10:45:00.000Z,2019-02-14T05:15:00.000Z
IN,Delhi,"Income Tax Office, Delhi - CPCB",10678,2017-11-27T18:30:00.000Z,2018-02-22T03:45:00.000Z
IN,Delhi,Shadipur,124748,2016-03-21T23:30:00.000Z,2017-11-28T09:45:00.000Z
IN,Delhi,"DTU, Delhi - CPCB",4576,2018-12-14T12:45:00.000Z,2019-02-14T05:15:00.000Z
IN,Delhi,"IGI Airport (T3), New Delhi - IMD",19449,2018-08-10T06:00:00.000Z,2018-12-15T22:15:00.000Z
IN,Delhi,"IGI Airport (T3), Delhi - IMD",2526,2018-12-20T21:45:00.000Z,2019-02-14T05:30:00.000Z
IN,Delhi,"East Arjun Nagar, Delhi - CPCB",719,2018-08-10T05:45:00.000Z,2019-02-14T04:30:00.000Z
IN,Delhi,"IHBAS, Delhi - CPCB",14354,2017-11-28T10:15:00.000Z,2018-02-22T02:45:00.000Z
IN,Delhi,"Bawana, Delhi - DPCC",20452,2018-08-10T06:15:00.000Z,2019-02-14T05:00:00.000Z
IN,Delhi,"Sri Aurobindo Marg, Delhi - DPCC",4341,2018-12-14T01:30:00.000Z,2019-02-14T04:45:00.000Z
IN,Delhi,Siri Fort,14372,2016-11-03T10:30:00.000Z,2017-11-28T10:30:00.000Z
IN,Delhi,East Arjun Nagar-Delhi CPCB,35939,2016-04-04T18:30:00.000Z,2018-02-21T06:30:00.000Z
IN,Delhi,"North Campus, DU, Delhi - IMD",1950,2018-12-20T21:45:00.000Z,2019-02-14T05:15:00.000Z
IN,Delhi,"Mundka, Delhi - DPCC",5013,2018-12-14T01:30:00.000Z,2019-02-14T04:45:00.000Z
IN,Delhi,East Arjun Nagar,436,2016-04-02T01:30:00.000Z,2016-04-05T09:00:00.000Z
IN,Delhi,US Diplomatic Post: New Delhi,26366,2015-12-11T21:30:00.000Z,2019-04-11T21:30:00.000Z
IN,Delhi,Delhi College Of Engineering,1,2015-04-09T06:00:00.000Z,2015-04-09T06:00:00.000Z
IN,Delhi,"Pusa, Delhi - DPCC",2330,2018-12-14T17:15:00.000Z,2019-02-14T04:45:00.000Z
IN,Dewas,"Bhopal Chauraha, Dewas - MPPCB",62587,2017-11-20T07:15:00.000Z,2019-02-14T05:15:00.000Z
IN,Dhanbad,Tata Stadium - Jorapokhar - JSPCB,38240,2017-04-20T08:30:00.000Z,2018-02-22T03:45:00.000Z
IN,Dharuhera,"Municipal Corporation Office, Dharuhera -  HSPCB",840,2019-02-12T01:45:00.000Z,2019-02-14T05:15:00.000Z
IN,Durgapur,"Sidhu Kanhu Indoor Stadium, Durgapur - WBPCB",19300,2018-01-19T06:45:00.000Z,2019-02-14T05:00:00.000Z
IN,Faridabad,"Sector16A, Faridabad - HSPCB",16836,2017-11-28T11:55:00.000Z,2018-02-22T03:25:00.000Z
IN,Faridabad,Sector16A Faridabad,100978,2016-03-22T00:45:00.000Z,2017-11-28T10:55:00.000Z
IN,Faridabad,"Sector- 16A, Faridabad - HSPCB",1071,2019-01-02T22:30:00.000Z,2019-02-14T05:15:00.000Z
IN,Faridabad,"Sector- 16A, Faridabad, Haryana - HSPCB",35254,2018-03-09T05:30:00.000Z,2018-12-28T01:45:00.000Z
IN,Fatehabad ,"Huda Sector, Fatehabad - HSPCB",864,2019-02-12T02:00:00.000Z,2019-02-14T05:15:00.000Z
IN,Gandhinagar,"Sector-10, Gandhinagar - GPCB",834,2019-02-12T02:00:00.000Z,2019-02-14T05:15:00.000Z
IN,Gaya,"Collectorate, Gaya - BSPCB",36828,2018-03-09T05:30:00.000Z,2019-02-14T05:15:00.000Z
IN,Gaya,Collectorate - Gaya - BSPCB,80392,2016-03-21T16:35:00.000Z,2018-02-22T03:00:00.000Z
IN,Ghaziabad,Vasundhara - Ghaziabad - UPPCB,104431,2017-04-18T18:30:00.000Z,2018-02-22T04:00:00.000Z
IN,Ghaziabad,Vasundhara,18,2017-04-18T06:15:00.000Z,2017-04-19T06:30:00.000Z
IN,Ghaziabad,"Vasundhara, Ghaziabad - UPPCB",1264,2019-01-02T22:15:00.000Z,2019-02-14T05:15:00.000Z
IN,Ghaziabad,"Vasundhara, Ghaziabad, UP - UPPCB",50546,2018-03-09T05:30:00.000Z,2018-12-28T01:30:00.000Z
IN,Greater Noida,"Knowledge Park - III, Greater Noida - UPPCB",38631,2018-08-10T06:00:00.000Z,2019-02-14T05:30:00.000Z
IN,Gurgaon,Vikas Sadan Gurgaon - HSPCB,152863,2016-03-25T07:15:00.000Z,2018-02-22T03:15:00.000Z
IN,Gurgaon,"Vikas Sadan, Gurgaon, Haryana - HSPCB",31753,2018-03-09T05:30:00.000Z,2018-11-14T04:30:00.000Z
IN,Gurugram,"Vikas Sadan, Gurugram - HSPCB",1093,2019-01-02T22:00:00.000Z,2019-02-14T05:00:00.000Z
IN,Gurugram,"NISE Gwal Pahari, Gurugram - IMD",443,2018-11-14T19:00:00.000Z,2019-02-12T13:00:00.000Z
IN,Gurugram,"Vikas Sadan, Gurugram, Haryana - HSPCB",5104,2018-11-14T05:30:00.000Z,2018-12-28T01:30:00.000Z
IN,Haldia,Haldia - WBSPCB,114264,2016-03-22T00:30:00.000Z,2018-01-19T12:30:00.000Z
IN,Haldia,"Haldia, Haldia - WBPCB",34488,2018-03-09T05:30:00.000Z,2019-02-14T05:00:00.000Z
IN,Haldia,Haldia - WBPCB,4235,2018-01-18T18:30:00.000Z,2018-02-22T00:15:00.000Z
IN,Hapur,"Anand Vihar, Hapur - UPPCB",10075,2018-10-23T10:45:00.000Z,2019-02-14T05:30:00.000Z
IN,Hisar,"Urban Estate-II, Hisar - HSPCB",875,2019-02-12T01:45:00.000Z,2019-02-14T05:15:00.000Z
IN,Howrah,Howrah - WBSPCB,48371,2016-06-26T18:30:00.000Z,2017-11-07T04:15:00.000Z
IN,Howrah,"Padmapukur, Howrah - WBPCB",41674,2018-01-19T13:15:00.000Z,2019-02-14T03:30:00.000Z
IN,Howrah,Howrah - WBPCB,1600,2017-11-07T04:45:00.000Z,2017-11-07T04:45:00.000Z
IN,Howrah,"Ghusuri, Howrah - WBPCB",41486,2018-05-09T13:15:00.000Z,2019-02-14T05:15:00.000Z
IN,Howrah,"Padmapukur, Howrah - WBSPCB",588,2018-01-17T09:30:00.000Z,2018-01-19T12:15:00.000Z
IN,Hubballi,"Deshpande Nagar, Hubballi - KSPCB",5818,2018-10-03T04:00:00.000Z,2019-02-03T08:00:00.000Z
IN,Hyderabad,"Sanathnagar, Hyderabad - TSPCB",74213,2017-06-19T18:30:00.000Z,2019-02-14T05:15:00.000Z
IN,Hyderabad,"IDA Pashamylaram,Hyderabad",53,2016-09-20T04:45:00.000Z,2016-09-20T09:45:00.000Z
IN,Hyderabad,"ZooPark, Hyderabad - TSPCB",25548,2017-06-20T06:15:00.000Z,2018-02-22T01:15:00.000Z
IN,Hyderabad,"Bollaram Industrial Area, Hyderabad - TSPCB",85104,2017-02-17T05:45:00.000Z,2019-02-14T05:15:00.000Z
IN,Hyderabad,"ICRISAT Patancheru, Hyderabad - TSPCB",126645,2017-02-17T05:30:00.000Z,2019-02-14T05:15:00.000Z
IN,Hyderabad,"Centeral University, Hyderabad - TSPCB",18,2017-06-20T06:45:00.000Z,2017-06-20T07:45:00.000Z
IN,Hyderabad,Hyderabad Centeral Univercity,1830,2017-06-13T09:45:00.000Z,2017-06-20T05:45:00.000Z
IN,Hyderabad,Sanathnagar - Hyderabad - TSPCB,45595,2016-03-22T09:50:00.000Z,2017-06-20T06:00:00.000Z
IN,Hyderabad,"IDA Pashamylaram, Hyderabad - TSPCB",160756,2016-09-20T10:15:00.000Z,2019-02-14T05:15:00.000Z
IN,Hyderabad,"Central University, Hyderabad - TSPCB",93278,2017-06-20T07:45:00.000Z,2019-02-14T05:15:00.000Z
IN,Hyderabad,"Zoo Park, Hyderabad - TSPCB",35816,2018-03-09T05:30:00.000Z,2019-02-14T05:15:00.000Z
IN,Hyderabad,ZooPark,94277,2016-03-21T18:30:00.000Z,2017-06-20T05:15:00.000Z
IN,Hyderabad,Bollaram Industrial Area,25,2017-02-16T07:15:00.000Z,2017-02-17T05:15:00.000Z
IN,Hyderabad,ICRISAT Patancheru,228,2017-02-15T18:30:00.000Z,2017-02-17T05:30:00.000Z
IN,Hyderabad,US Diplomatic Post: Hyderabad,26359,2015-12-11T21:30:00.000Z,2019-04-11T21:30:00.000Z
IN,Jaipur,"Police Commissionerate, Jaipur - RSPCB",13430,2018-03-09T05:30:00.000Z,2019-02-14T04:45:00.000Z
IN,Jaipur,VK Industrial Area Jaipur - RSPCB,111381,2016-03-21T18:30:00.000Z,2017-06-12T05:30:00.000Z
IN,Jaipur,Police Commissionerate,24661,2017-06-19T04:45:00.000Z,2017-10-24T06:45:00.000Z
IN,Jaipur,"Adarsh Nagar, Jaipur - RSPCB",18996,2018-03-09T05:30:00.000Z,2019-02-14T05:15:00.000Z
IN,Jaipur,"Police Commissionerate, Jaipur- RSPCB",16903,2017-10-24T07:15:00.000Z,2018-02-22T02:45:00.000Z
IN,Jaipur,"Shastri Nagar,Jaipur- RSPCB",6,2017-10-24T07:00:00.000Z,2017-10-24T07:00:00.000Z
IN,Jaipur,"Shastri Nagar, Jaipur - RSPCB",47153,2018-03-09T05:30:00.000Z,2019-02-14T05:00:00.000Z
IN,Jaipur,"Adarsh Nagar, Jaipur- RSPCB",28562,2017-10-16T18:30:00.000Z,2018-02-22T02:45:00.000Z
IN,Jaipur,"Shastri Nagar, Jaipur- RSPCB",21412,2017-10-23T18:30:00.000Z,2018-02-22T03:00:00.000Z
IN,Jalandhar,"Civil Line, Jalandhar - PPCB",14445,2018-03-09T03:30:00.000Z,2019-02-14T05:00:00.000Z
IN,Jind,"Police Lines, Jind - HSPCB",822,2019-02-12T01:45:00.000Z,2019-02-14T05:15:00.000Z
IN,Jodhpur,Collectorate Jodhpur - RSPCB,155273,2016-03-21T18:30:00.000Z,2018-02-22T03:45:00.000Z
IN,Jodhpur,"Collectorate, Jodhpur - RSPCB",41864,2018-03-09T05:30:00.000Z,2019-02-14T05:15:00.000Z
IN,Jorapokhar,"Tata Stadium, Jorapokhar - JSPCB",24622,2018-03-09T05:30:00.000Z,2019-02-14T05:15:00.000Z
IN,Kalaburagi,"Lal Bahadur Shastri Nagar, Kalaburagi - KSPCB",2093,2018-08-14T02:00:00.000Z,2019-02-14T05:15:00.000Z
IN,Kanpur,"Nehru Nagar, Kanpur - UPPCB",41842,2018-03-09T05:30:00.000Z,2019-02-14T05:15:00.000Z
IN,Kanpur,Nehru Nagar,161698,2016-03-21T22:45:00.000Z,2018-02-22T03:15:00.000Z
IN,Kanpur,SPARTAN - IIT Kanpur,1684,2013-12-14T10:30:00.000Z,2014-09-26T00:30:00.000Z
IN,Karnal,"Sector-12, Karnal - HSPCB",864,2019-02-12T01:45:00.000Z,2019-02-14T05:00:00.000Z
IN,Khanna,"Kalal Majra, Khanna - PPCB",40936,2018-04-18T05:30:00.000Z,2019-02-14T05:15:00.000Z
IN,Kolkata,RBU - WBSPCB,3740,2016-06-28T04:32:00.000Z,2016-09-19T05:45:00.000Z
IN,Kolkata,"Rabindra Bharati University,Calcutta-WBSPCB",14,2016-09-20T08:45:00.000Z,2016-09-20T10:15:00.000Z
IN,Kolkata,Victoria Memorial - WBSPCB,275269,2016-06-25T09:45:00.000Z,2017-10-18T03:15:00.000Z
IN,Kolkata,"Rabindra Bharati University, Kolkata - WBPCB",2213,2017-10-28T14:30:00.000Z,2018-11-06T06:30:00.000Z
IN,Kolkata,"Rabindra Bharati University, Kolkata - WBSPCB",56064,2016-09-20T10:15:00.000Z,2017-10-28T14:30:00.000Z
IN,Kolkata,Victoria Memorial - WBPCB,10125,2017-10-18T03:15:00.000Z,2017-10-18T03:15:00.000Z
IN,Kolkata,"Victoria, Kolkata - WBPCB",32480,2018-04-15T22:45:00.000Z,2019-02-14T05:00:00.000Z
IN,Kolkata,US Diplomatic Post: Kolkata,26374,2015-12-11T21:30:00.000Z,2019-04-11T21:30:00.000Z
IN,Kota,"Shrinath Puram,Kota - RSPCB",1888,2017-10-17T12:15:00.000Z,2017-10-24T07:15:00.000Z
IN,Kota,"Shrinath Puram, Kota - RSPCB",44452,2018-03-09T05:30:00.000Z,2019-02-14T05:00:00.000Z
IN,Kota,"Shrinath Puram, Kota- RSPCB",23275,2017-10-23T18:30:00.000Z,2018-02-15T09:00:00.000Z
IN,Kurukshetra ,"Sector-7, Kurukshetra - HSPCB",870,2019-02-12T01:45:00.000Z,2019-02-14T05:15:00.000Z
IN,Lucknow,"Talkatora District Industries Center, Lucknow - CPCB",30678,2018-03-09T05:30:00.000Z,2019-02-14T05:15:00.000Z
IN,Lucknow,"Central School, Lucknow - CPCB",41600,2018-03-09T05:30:00.000Z,2019-02-14T05:15:00.000Z
IN,Lucknow,"Nishant Ganj, Lucknow - UPPCB",42745,2017-11-23T18:30:00.000Z,2019-02-14T05:15:00.000Z
IN,Lucknow,"Lalbagh, DN Park",115226,2016-05-12T11:00:00.000Z,2018-02-22T04:00:00.000Z
IN,Lucknow,Central School,94951,2016-03-21T10:00:00.000Z,2018-02-22T04:00:00.000Z
IN,Lucknow,"Lalbagh, Lucknow - CPCB",41460,2018-03-09T03:30:00.000Z,2019-02-14T05:15:00.000Z
IN,Lucknow,"Lalbagh, West Lucknow",222,2016-03-21T10:00:00.000Z,2016-05-07T10:00:00.000Z
IN,Lucknow,Talkatora District Industries Center,58861,2016-03-21T10:00:00.000Z,2018-02-22T03:00:00.000Z
IN,Ludhiana,"Punjab Agricultural University, Ludhiana - PPCB",10965,2018-03-09T05:30:00.000Z,2019-02-14T05:00:00.000Z
IN,Ludhiana,"Punjab Agricultural University,Ludhiana - PPCB",77933,2017-04-12T18:30:00.000Z,2018-02-22T03:00:00.000Z
IN,Maihar,"Sahilara, Maihar - KJS Cements",590,2019-02-11T18:00:00.000Z,2019-02-14T05:15:00.000Z
IN,Mandi Gobindgarh,"RIMT University, Mandi Gobindgarh - PPCB",90232,2017-03-16T06:45:00.000Z,2019-02-14T05:15:00.000Z
IN,Mandideep,"Sector-D Industrial Area, Mandideep - MPPCB",60162,2017-12-27T18:30:00.000Z,2019-02-14T05:15:00.000Z
IN,Mandikhera,"General Hospital, Mandikhera - HSPCB",828,2019-02-12T01:45:00.000Z,2019-02-14T05:15:00.000Z
IN,Manesar ,"Sector-2 IMT, Manesar - HSPCB",1224,2019-01-02T22:00:00.000Z,2019-02-14T05:15:00.000Z
IN,Medak,TSPCBPashamylaram,2845,2016-09-01T08:00:00.000Z,2016-09-20T04:45:00.000Z
IN,Moradabad,"Lajpat Nagar, Moradabad",28751,2017-09-15T08:30:00.000Z,2018-02-22T04:00:00.000Z
IN,Moradabad,"Lajpat Nagar, Moradabad - UPPCB",45451,2018-03-09T05:30:00.000Z,2019-02-09T23:45:00.000Z
IN,Mumbai,Maharashtra Pollution Control Board Bandra,223491,2016-03-21T16:15:00.000Z,2018-02-22T04:00:00.000Z
IN,Mumbai,"Bandra, Mumbai - MPCB",42934,2018-03-09T05:30:00.000Z,2019-02-14T05:15:00.000Z
IN,Mumbai,US Diplomatic Post: Mumbai,26342,2015-12-11T21:30:00.000Z,2019-04-11T21:30:00.000Z
IN,Muzaffarnagar,"New Mandi, Muzaffarnagar - UPPCB",29855,2018-08-10T06:00:00.000Z,2019-02-14T05:30:00.000Z
IN,Muzaffarpur,"Muzaffarpur Collectorate,Muzaffarpur - BSPCB",35597,2018-03-09T05:30:00.000Z,2018-11-19T15:45:00.000Z
IN,Muzaffarpur,Collectorate - Muzaffarpur - BSPCB,119783,2016-03-19T09:20:00.000Z,2018-02-21T23:45:00.000Z
IN,Muzaffarpur,"Muzaffarpur Collectorate, Muzaffarpur - BSPCB",759,2019-01-03T13:30:00.000Z,2019-02-14T05:15:00.000Z
IN,NOIDA,"Sector-62, Noida - IMD",13597,2017-09-19T18:30:00.000Z,2018-02-21T22:00:00.000Z
IN,Nagpur,Opp. GPO Civil Lines-Nagpur MPCB,10212,2016-04-12T18:30:00.000Z,2016-08-09T05:30:00.000Z
IN,Nagpur,"Opp GPO Civil Lines, Nagpur - MPCB",14182,2018-03-09T05:30:00.000Z,2019-02-14T05:15:00.000Z
IN,Nagpur,"Civil Lines, Nagpur - MPCB",63793,2016-08-06T05:30:00.000Z,2018-02-22T00:30:00.000Z
IN,Nagpur,Opposite GPO Civil Lines Nagpur -MPCB,295,2016-03-30T09:30:00.000Z,2016-04-05T10:30:00.000Z
IN,Nagpur,Opposite GPO Civil Lines - Nagpur MPCB,110,2016-04-11T18:30:00.000Z,2016-04-13T08:30:00.000Z
IN,Nagpur,Opposite GPO Civil Lines-Nagpur MPCB,5,2016-04-13T08:30:00.000Z,2016-04-13T08:30:00.000Z
IN,Narnaul,"Shastri Nagar, Narnaul - HSPCB",867,2019-02-12T01:45:00.000Z,2019-02-14T05:15:00.000Z
IN,Nashik,KTHM College Nashik-MPCB,4,2016-08-09T04:30:00.000Z,2016-08-09T04:30:00.000Z
IN,Nashik,"KTHM College, Nashik - MPCB",73071,2016-08-08T18:30:00.000Z,2018-02-22T03:15:00.000Z
IN,Nashik,Gangapur Road Nashik-MPCB,5742,2016-05-03T05:30:00.000Z,2016-08-08T12:30:00.000Z
IN,Nashik,"Gangapur Road, Nashik - MPCB",48984,2018-03-09T05:30:00.000Z,2019-02-14T05:15:00.000Z
IN,Nashik,"KTHM College, Gangapur Road, Nashik-MPCB",1071,2016-04-04T10:15:00.000Z,2016-05-02T04:30:00.000Z
IN,Navi Mumbai,"Airoli, Navi Mumbai - MPCB",25929,2018-03-09T05:30:00.000Z,2019-02-14T05:30:00.000Z
IN,Navi Mumbai,Navi Mumbai Municipal Corporation Airoli,83136,2016-03-21T18:30:00.000Z,2018-02-20T18:45:00.000Z
IN,Noida,"Sector - 125, Noida, UP - UPPCB",52761,2018-03-09T05:30:00.000Z,2018-12-28T01:30:00.000Z
IN,Noida,"Sector - 62, Noida, UP - IMD",36901,2018-03-09T05:30:00.000Z,2018-12-28T01:45:00.000Z
IN,Noida,"Sector - 125, Noida - UPPCB",1299,2019-01-02T22:15:00.000Z,2019-02-14T05:15:00.000Z
IN,Noida,"Sector - 62, Noida - IMD",898,2019-01-02T22:00:00.000Z,2019-02-14T05:30:00.000Z
IN,Pali,"Indira Colony Vistar,Pali - RSPCB",3576,2017-10-15T18:30:00.000Z,2017-10-24T04:30:00.000Z
IN,Pali,"Indira Colony Vistar, Pali - RSPCB",48388,2018-03-09T05:30:00.000Z,2019-02-14T05:00:00.000Z
IN,Pali,"Indira Colony Vistar, Pali- RSPCB",20928,2017-10-24T04:30:00.000Z,2018-02-22T03:45:00.000Z
IN,Palwal ,"Shyam Nagar, Palwal - HSPCB",534,2019-02-12T01:45:00.000Z,2019-02-13T13:15:00.000Z
IN,Panchkula,"Sector-6, Panchkula - HSPCB ",34815,2018-03-09T05:30:00.000Z,2019-02-14T05:15:00.000Z
IN,Panchkula,Sector 6 Panchkula - HSPCB,149964,2016-03-21T18:30:00.000Z,2018-02-22T04:15:00.000Z
IN,Panipat,"Sector-18, Panipat - HSPCB",716,2019-02-12T01:45:00.000Z,2019-02-14T05:15:00.000Z
IN,Patiala,"Model Town, Patiala - PPCB",44088,2018-03-09T05:30:00.000Z,2019-02-14T05:15:00.000Z
IN,Patna,"IGSC Planetarium Complex, Patna - BSPCB",36994,2018-03-09T20:30:00.000Z,2019-02-14T05:15:00.000Z
IN,Patna,IGSC Planetarium Complex - Patna - BSPCB,78424,2016-03-21T19:30:00.000Z,2018-02-22T03:45:00.000Z
IN,Pithampur,"Sector-2 Industrial Area, Pithampur - MPPCB",64365,2017-11-21T12:15:00.000Z,2019-02-14T05:15:00.000Z
IN,Pune,"Karve Road Pune, Pune - MPCB",35948,2018-03-09T05:30:00.000Z,2018-11-15T08:45:00.000Z
IN,Pune,AAQMS Karve Road Pune,148699,2016-03-21T08:00:00.000Z,2018-02-22T03:00:00.000Z
IN,Pune,"Karve Road, Pune - MPCB",976,2019-01-03T13:45:00.000Z,2019-02-14T05:30:00.000Z
IN,Rajamahendravaram,"Anam Kala Kendram,Rajamahendravaram",18455,2017-09-12T11:15:00.000Z,2017-11-28T10:45:00.000Z
IN,Rajamahendravaram,"Anand Kala Kshetram, Rajamahendravaram - APPCB",44978,2018-03-09T05:30:00.000Z,2019-02-14T05:15:00.000Z
IN,Rajamahendravaram,"Anam Kala Kendram, Rajamahendravaram - APPCB",14760,2017-11-28T11:15:00.000Z,2018-02-22T03:45:00.000Z
IN,Rajamahendravaram,Godavari Railway Station,1791,2017-09-05T11:15:00.000Z,2017-09-12T10:15:00.000Z
IN,Ratlam,"Shasthri Nagar, Ratlam - IPCA Lab",372,2019-01-03T13:30:00.000Z,2019-02-14T05:15:00.000Z
IN,Rohtak,"MD University, Rohtak, Haryana - HSPCB",37059,2018-03-09T05:30:00.000Z,2018-12-28T01:30:00.000Z
IN,Rohtak,"MD University, Rohtak - HSPCB",99737,2016-03-22T00:30:00.000Z,2019-02-14T05:15:00.000Z
IN,Rupnagar,"Ratanpura, Rupnagar - PPCB",27233,2018-05-02T04:45:00.000Z,2019-02-14T05:15:00.000Z
IN,Satna,"Bandhavgarh, Satna - MPPCB",300,2018-03-14T00:30:00.000Z,2018-03-26T06:30:00.000Z
IN,Satna,"Birla Staff colony, Satna - MPPCB",124,2018-03-09T05:30:00.000Z,2018-03-14T03:30:00.000Z
IN,Satna,"Bandhavgar Colony, Satna - MPPCB",18334,2018-03-25T23:30:00.000Z,2019-02-14T05:15:00.000Z
IN,Siliguri,"Ward-32 Bapupara, Siliguri - WBPCB",17539,2018-03-09T05:30:00.000Z,2019-02-14T05:00:00.000Z
IN,Siliguri,"Ward-32, Bapupara, Siliguri - WBPCB",2833,2018-01-18T14:15:00.000Z,2018-02-22T02:45:00.000Z
IN,Siliguri,"Ward-32 Bapupara, , Siliguri - WBSPCB",6,2018-01-18T14:15:00.000Z,2018-01-18T14:15:00.000Z
IN,Singrauli,"Vindhyachal STPS, Singrauli - MPPCB",62261,2017-11-30T04:45:00.000Z,2019-02-14T05:15:00.000Z
IN,Sirsa ,"F-Block, Sirsa - HSPCB",737,2019-02-12T02:00:00.000Z,2019-02-14T05:15:00.000Z
IN,Solapur,"Solapur, Solapur - MPCB",1611,2018-03-09T05:30:00.000Z,2019-02-14T05:00:00.000Z
IN,Solapur,Maharashtra Pollution Control Board - Solapur,255062,2016-03-21T18:30:00.000Z,2018-06-02T03:30:00.000Z
IN,Sonipat,"Murthal, Sonipat - HSPCB",879,2019-02-12T02:00:00.000Z,2019-02-14T05:30:00.000Z
IN,Talcher,"Talcher Coalfields,Talcher - OSPCB",27793,2018-03-09T05:30:00.000Z,2019-02-13T22:15:00.000Z
IN,Thane,"Pimpleshwar Mandir, Thane - MPCB",40991,2018-03-09T05:30:00.000Z,2019-02-14T05:15:00.000Z
IN,Thane,"Pimpleshwar Mandir, Dombivali - MPCB",133231,2016-08-24T07:30:00.000Z,2018-02-22T00:15:00.000Z
IN,Thane,Pimleshwar Mandir - Dombivali - MPCB,808,2016-08-18T07:15:00.000Z,2016-08-22T11:30:00.000Z
IN,Thane,"Pimleshwar Mandir, Dombivali - MPCB",176,2016-08-23T05:45:00.000Z,2016-08-24T05:30:00.000Z
IN,Thiruvananthapuram,"Plammoodu, Thiruvananthapuram",35055,2017-06-21T18:30:00.000Z,2017-11-28T10:30:00.000Z
IN,Thiruvananthapuram,"Plammoodu, Thiruvananthapuram - KSPCB",15647,2017-11-28T10:30:00.000Z,2018-02-22T03:00:00.000Z
IN,Thiruvananthapuram,"Plammoodu, Thiruvananthapuram - Kerala PCB",48248,2018-03-09T05:30:00.000Z,2019-02-14T05:15:00.000Z
IN,Tirupati,"Tirumala, Tirupati - APPCB",60940,2017-11-28T12:15:00.000Z,2019-02-14T05:15:00.000Z
IN,Tirupati,Tirumala,3307,2016-07-03T18:30:00.000Z,2016-07-11T10:45:00.000Z
IN,Tirupati,Tirumala-APPCB,139017,2016-07-10T18:30:00.000Z,2017-11-28T10:45:00.000Z
IN,Udaipur,"Ashok Nagar, Udaipur - RSPCB",40556,2018-03-09T22:30:00.000Z,2019-02-14T05:00:00.000Z
IN,Udaipur,"Ashok Nagar, Udaipur- RSPCB",28831,2017-10-23T07:30:00.000Z,2018-02-22T02:30:00.000Z
IN,Ujjain,"Mahakaleshwar Temple, Ujjain - MPPCB",69653,2017-11-20T05:45:00.000Z,2019-02-14T05:15:00.000Z
IN,Varanasi,"Ardhali Bazar, Varanasi - UPPCB",47892,2018-03-09T05:30:00.000Z,2019-02-14T05:15:00.000Z
IN,Varanasi,Ardhali Bazar,186318,2016-03-22T00:05:00.000Z,2018-02-22T03:00:00.000Z
IN,Vatva,"Phase-4 GIDC, Vatva - GPCB",846,2019-02-12T02:00:00.000Z,2019-02-14T05:30:00.000Z
IN,Vijayawada,"PWD Grounds,Vijayawara-APPCB",35684,2017-04-27T06:15:00.000Z,2017-11-28T10:45:00.000Z
IN,Vijayawada,"PWD Grounds, Vijayawada - APPCB",24644,2018-03-09T05:30:00.000Z,2019-02-14T03:15:00.000Z
IN,Vijayawada,"PWD Grounds,Vijayawara - APPCB",15127,2017-11-28T11:45:00.000Z,2018-02-22T01:45:00.000Z
IN,Visakhapatnam,GVM Corporation,1573,2016-06-20T18:30:00.000Z,2016-07-01T05:30:00.000Z
IN,Visakhapatnam,"PWD Grounds,Visakhapatnam-APPCB",221,2017-04-26T11:45:00.000Z,2017-04-27T06:15:00.000Z
IN,Visakhapatnam,"APIIC Kancharapalem, Visakhapatnam - APPCB",1639,2017-12-11T11:45:00.000Z,2017-12-22T21:00:00.000Z
IN,Visakhapatnam,"GVMC Ram Nagar, Visakhapatnam - APPCB",15033,2017-11-28T11:15:00.000Z,2018-02-22T02:45:00.000Z
IN,Visakhapatnam,APIIC Kancharapalem-APPCB,49676,2017-04-27T10:00:00.000Z,2017-12-11T11:45:00.000Z
IN,Visakhapatnam,Visakhapatnam,6,2016-06-21T11:30:00.000Z,2016-06-21T11:30:00.000Z
IN,Visakhapatnam,GVMC Ram Nagar-APPCB,144100,2016-07-08T05:00:00.000Z,2017-11-28T10:45:00.000Z
IN,Visakhapatnam,GVMC Ram Nagar,6,2016-07-08T05:00:00.000Z,2016-07-08T05:00:00.000Z
IN,Visakhapatnam,"GVM Corporation, Visakhapatnam - APPCB",42342,2018-03-09T05:30:00.000Z,2019-02-14T05:15:00.000Z
IN,Yamuna Nagar,"Gobind Pura, Yamuna Nagar - HSPCB",720,2019-02-12T01:45:00.000Z,2019-02-14T05:15:00.000Z
LK,Colombo,US Diplomatic Post: Colombo,11513,2017-09-25T21:30:00.000Z,2019-04-11T21:30:00.000Z
NP,Kathmandu,US Diplomatic Post: Phora Durbar,1032,2017-03-02T23:15:00.000Z,2017-03-24T15:15:00.000Z
NP,Kathmandu,US Diplomatic Post: Kathmandu,1032,2017-03-02T23:15:00.000Z,2017-03-24T15:15:00.000Z
NP,Kathmandu,US Diplomatic Post: Phora Durbar Kathmandu,28918,2017-04-13T14:15:00.000Z,2019-04-11T21:15:00.000Z
NP,Kathmandu,US Diplomatic Post: Embassy Kathmandu,28953,2017-04-13T14:15:00.000Z,2019-04-11T21:15:00.000Z
PH,Manila,SPARTAN - Manila Observatory,958,2014-02-22T01:00:00.000Z,2014-05-13T03:00:00.000Z
SG,Singapore,SPARTAN - NUS,1275,2015-08-02T01:00:00.000Z,2015-09-25T00:00:00.000Z
TH,Ayutthaya,"Pratu Chai, Phra Nakhon Si Ayutthayal",88136,2015-10-24T14:00:00.000Z,2019-04-11T21:00:00.000Z
TH,Bangkok,"Phahol Yothin Rd., Khet Chatuchak",57,2015-10-22T01:00:00.000Z,2015-11-30T01:00:00.000Z
TH,Bangkok,"Chong Nonsi, Yannawa",48337,2015-10-24T14:00:00.000Z,2018-01-11T14:00:00.000Z
TH,Bangkok,"Samsen Nai, Khet Phaya Thai",60583,2015-10-24T14:00:00.000Z,2018-01-29T00:00:00.000Z
TH,Bangkok,"Samae Dam, Bang Khun Thian",77817,2015-10-24T14:00:00.000Z,2019-04-11T21:00:00.000Z
TH,Bangkok,Bang Khun Thian,6177,2018-03-28T05:00:00.000Z,2018-09-12T00:00:00.000Z
TH,Bangkok,"Bang Khun Thian, Chom Thong",3085,2015-10-24T13:00:00.000Z,2015-12-02T01:00:00.000Z
TH,Bangkok,"Hiran Ruchi, Thon Buri",37580,2015-10-24T14:00:00.000Z,2019-04-11T21:00:00.000Z
TH,Bangkok,"Din Daeng, Din Daeng",16045,2015-10-24T14:00:00.000Z,2019-04-11T21:00:00.000Z
TH,Bangkok,"Din Daeng Rd., Din Daeng",46709,2015-10-24T14:00:00.000Z,2019-04-11T21:00:00.000Z
TH,Bangkok,"Phaya Thai, Khet Phaya Thai",29829,2018-01-29T01:00:00.000Z,2019-04-11T21:00:00.000Z
TH,Bangkok,"Bangna, Bangna",98336,2015-10-24T14:00:00.000Z,2019-04-11T21:00:00.000Z
TH,Bangkok,"Khlong Chan, Bang kapi",57435,2015-10-22T04:00:00.000Z,2019-04-11T21:00:00.000Z
TH,Bangkok,"Lat Phrao Rd., Wang Thonglang",46152,2015-10-24T14:00:00.000Z,2019-04-11T21:00:00.000Z
TH,Bangkok,"Intarapitak Rd., Thon Buri",101522,2015-10-24T14:00:00.000Z,2019-04-11T12:00:00.000Z
TH,Bangkok,"Rama IV Rd., Pathum Wan",32642,2015-06-25T02:00:00.000Z,2019-04-11T21:00:00.000Z
TH,Bangkok,"Pubpla, Wang Thonglang",79150,2015-10-24T14:00:00.000Z,2019-04-11T21:00:00.000Z
TH,Chachoengsao,"Wang Yen, Plaeng Yao",71411,2015-10-24T14:00:00.000Z,2019-04-11T21:00:00.000Z
TH,Chiang Mai,"Chang Phueak, Mueang",93132,2015-10-22T01:00:00.000Z,2019-04-11T21:00:00.000Z
TH,Chiang Mai,"Si Phum, Mueang",94288,2015-10-24T14:00:00.000Z,2019-04-11T21:00:00.000Z
TH,Chiang Rai,"Wiang, Mueang",173373,2015-10-24T14:00:00.000Z,2019-04-11T21:00:00.000Z
TH,Chiang Rai,"Wiang Phang Kham, Mae Sai",29523,2015-10-28T18:00:00.000Z,2019-04-11T21:00:00.000Z
TH,Chon Buri,"Ban Suan, Mueang",89687,2015-10-24T13:00:00.000Z,2019-04-11T21:00:00.000Z
TH,Chon Buri,"Si Racha, Si Racha",64365,2015-10-27T03:00:00.000Z,2019-04-11T21:00:00.000Z
TH,Chon Buri,"Thung Sukhla, Si Racha",82908,2015-10-24T14:00:00.000Z,2019-04-11T21:00:00.000Z
TH,Kanchanaburi,"à¸ºBan-Tai, Kanchanaburi",334,2017-05-05T07:00:00.000Z,2017-05-08T07:00:00.000Z
TH,Kanchanaburi,"Pak Prak, Kanchanaburi",59486,2017-06-07T02:00:00.000Z,2019-04-11T02:00:00.000Z
TH,Kanchanaburi,"Ban Nua, Kanchanaburi",4580,2019-01-30T00:00:00.000Z,2019-03-13T04:00:00.000Z
TH,Kanchanaburi,"Ban Nuea, Kanchanaburi",3143,2019-03-13T04:00:00.000Z,2019-04-11T21:00:00.000Z
TH,Lampang,"Mae Mo, Mae Mo",87669,2015-10-24T13:00:00.000Z,2019-04-11T21:00:00.000Z
TH,Lampang,"Ban Dong, Mae Mo",90297,2015-10-24T14:00:00.000Z,2019-04-11T21:00:00.000Z
TH,Lampang,"Phra Bat, Mueang",108615,2015-10-24T11:00:00.000Z,2019-04-11T21:00:00.000Z
TH,Lampang,"Sop Pat, Mae Mo",116440,2015-10-24T14:00:00.000Z,2019-04-11T21:00:00.000Z
TH,Lamphun,"Nai Mueang, Mueang",160427,2015-10-22T13:00:00.000Z,2019-04-11T21:00:00.000Z
TH,Lamphun,"Wiang Yong, Mueang",22142,2018-08-22T09:00:00.000Z,2019-04-11T21:00:00.000Z
TH,Loei,"Na An, Mueang",17857,2015-10-24T14:00:00.000Z,2019-04-11T21:00:00.000Z
TH,Mae Hong Son,"Chong Kham, Mueang",66844,2015-10-24T14:00:00.000Z,2019-04-11T20:00:00.000Z
TH,Nakhon Sawan,"Pak Nam Pho, Mueang",106769,2015-10-24T14:00:00.000Z,2019-04-11T21:00:00.000Z
TH,Nan,"Nai Wiang, Mueang",84986,2015-10-22T01:00:00.000Z,2019-04-11T21:00:00.000Z
TH,Nan,"Huai Kon, Chaloem Phra Kiat",106458,2015-10-24T14:00:00.000Z,2019-04-11T21:00:00.000Z
TH,Narathiwat,"Bang Nak, Mueang",49526,2015-10-24T14:00:00.000Z,2019-04-11T21:00:00.000Z
TH,Nonthaburi,"Bang Kruai, Bang Kruai",30376,2015-11-08T18:00:00.000Z,2019-03-23T02:00:00.000Z
TH,Nonthaburi,"Bang Phut, Pak Kret",37515,2015-10-24T14:00:00.000Z,2019-04-11T21:00:00.000Z
TH,Pathum Thani,"Khlong Nueng, Khlong Luang",19398,2015-10-24T13:00:00.000Z,2019-04-11T21:00:00.000Z
TH,Phrae,"Na Chak, Mueang",106620,2015-10-24T14:00:00.000Z,2019-04-11T21:00:00.000Z
TH,Phuket,"Talat Yai, Mueang",65369,2015-10-24T14:00:00.000Z,2019-04-11T07:00:00.000Z
TH,Prachin Buri,"Tha Tum, Si Maha Phot",75913,2016-05-26T00:00:00.000Z,2019-04-11T21:00:00.000Z
TH,Ratchaburi,"Na Mueang, Mueang",105795,2015-10-24T12:00:00.000Z,2019-04-11T21:00:00.000Z
TH,Rayong,"Tha Pradu, Mueng",86979,2015-10-23T18:00:00.000Z,2019-04-11T21:00:00.000Z
TH,Rayong,"Pluak Daeng, Pluak Daeng",79369,2015-10-24T14:00:00.000Z,2019-04-11T21:00:00.000Z
TH,Rayong,"Noen Phra, Mueang",112811,2015-10-24T13:00:00.000Z,2019-04-11T21:00:00.000Z
TH,Rayong,"Huai Pong, Mueang",39420,2015-10-24T14:00:00.000Z,2019-04-11T21:00:00.000Z
TH,Rayong,"Map Ta Phut, Mueang",22950,2015-10-22T01:00:00.000Z,2019-04-11T21:00:00.000Z
TH,Sa Kaeo,"Aranyaprathet, Aranyaprathet",15903,2015-10-24T14:00:00.000Z,2019-04-10T22:00:00.000Z
TH,Samut Prakan,"Bang Prong, Mueang",363024,2015-10-22T01:00:00.000Z,2017-08-25T11:00:00.000Z
TH,Samut Prakan,Residence for Dept. of Primary Industries and Mines,29388,2015-10-24T03:00:00.000Z,2019-04-03T00:00:00.000Z
TH,Samut Prakan,"Bang Sao Thong, Bang Sao Thong",69268,2015-10-24T02:00:00.000Z,2019-04-11T21:00:00.000Z
TH,Samut Prakan,"Pak Nam, Mueang",39766,2015-10-22T01:00:00.000Z,2019-04-11T21:00:00.000Z
TH,Samut Prakan,"Song Khanong, Phra Pradaeng",97419,2015-10-24T14:00:00.000Z,2019-04-11T12:00:00.000Z
TH,Samut Sakhon,"Maha Chai, Mueang",51939,2015-10-24T14:00:00.000Z,2019-04-11T21:00:00.000Z
TH,Samut Sakhon,"Om Noi, Krathum Baen",40477,2015-10-24T13:00:00.000Z,2019-04-11T21:00:00.000Z
TH,Saraburi,"Pak Phriao, Mueang",67554,2015-10-24T14:00:00.000Z,2019-04-11T21:00:00.000Z
TH,Saraburi,"Na Phra Lan, Chaloem Phra Kiat",115101,2015-10-24T14:00:00.000Z,2019-04-11T21:00:00.000Z
TH,Satun,"Phiman, Satun",60074,2017-05-05T07:00:00.000Z,2019-04-11T21:00:00.000Z
TH,Songkhla,"Hat Yai, Hat Yai",35134,2015-10-24T14:00:00.000Z,2019-01-31T04:00:00.000Z
TH,Surat Thani,"Makham Tia, Mueang",109312,2015-10-24T07:00:00.000Z,2019-04-11T21:00:00.000Z
TH,Tak,"Mae Pa, Mae Sot",8,2016-05-26T00:00:00.000Z,2016-05-26T01:00:00.000Z
TH,Yala,"Sateng, Mueang",58194,2015-10-24T13:00:00.000Z,2019-04-11T21:00:00.000Z
VN,Hanoi,US Diplomatic Post: Hanoi,26242,2015-12-11T22:00:00.000Z,2019-04-11T21:00:00.000Z
VN,Hanoi,SPARTAN - Vietnam Acad. Sci.,914,2015-05-04T02:00:00.000Z,2015-08-21T01:00:00.000Z
VN,Ho Chi Minh City,US Diplomatic Post: Ho Chi Minh City,24553,2016-02-29T00:00:00.000Z,2019-04-11T21:00:00.000Z
